wade, rachael
ayalaaponte, taina k
harris, patricia
prieto, mercedes a
de meo, jaclyn n
kies, lori a
syphers, nichole y
foster, monaka y
miller, debra l
hall, tiffany d
cook, rachel e
smith, rebecca g
vouaux, nancy a
burgos-rivera, mariana
herrera, veronica
veysey, tiffany n
hemraj, kamela
dukeshire, carolyn
david, jessica m
haines, linda
mead, sherri s
hulsey, amanda l
kersh, kimberly j
bomford, jessica s
sievers, gail a
foster, laura e
bloye, jennifer k
fuentes, jeimis
quinlan, cristy
ramos, noemi
crawford, aimee m
black, cynthia a
ross, tanya l
cooney, amanda l
higbee, sarah l
fairman, tammy
driggers, frances e
fedorko, paula r
turner, rebecca l
jones, sherri b
baumgardner, jamie l
collins, rebecca r
fanter, charity d
smith, debra j
harrington, kimberly m
barton, julie k
barnett, amber r
davis, rena l
silva, lisa
ortega, linnette f
weaver, daisey l
saiz, mareesa
mease, hope a
peabody, carol a
kidder, andrea m
kuhlman, nicole r
luco, jennifer r
fernandez, chelsea
thielen, amanda l
turenne, monique m
mardis, misty
martin, mariam i
stewart, rebecca b
christopher, colleen j
brogdon, nancy n
becerra, jessica p
ream, caitlin j
pierce, annalise m
brown, nikole l
oliver, bunny m
bratton, maria e
girst, anna m
richardson, mary w
floyd, alea j
hocroft, angela m
cantero, beverly k
morris, michelle
pendleton, reba e
rodeheaver, catherine m
dreher, danielle k
somma, suzanne j
kilgore, tina l
basilotto, hayley
roysum, carissa f
highsmith, marlene e
kelly, candice
blair, tiffany m
perez, christina
thornhill, nicole
quick, cynthia p
westervelt, marlie j
hein, erika
abrahante, adneris e
beck, christine a
klawer, amanda r
meringolo, kelly l
hock, lori
ogrady, taylor c
ellingburg, marlene l
wittke, amanda p
flowers, dawn
lang, michelle
pierce, sarah v
adams, haley e
smith, nikia s
jeter, marcie
smith, felicia a
hawks, carol a
belbin, lori
griffin, katrina m
toby, lindsey m
mcgehee, jacquilyn m
buell, jennifer k
nicholas, dalina
long, morgan l
biraghi, karen l
larkin, suzanne e
blanton, rachel l
rice, deborah j
montgomery, amanda r
williams, mary e
bailey, jacqueline
schmidt, ashley m
hancock, erin m
philipsen, laurette c
perkins, victoria l
gilbert, natasha a
parker, kimberly a
schoolcraft, lesley
schimetzki, hannelore c
posey, brandy m
white, elizabeth a
howard, penny r
romero, kathleen
waters, katie l
godbey, trisha r
roberts, jennifer l
barnette, alexandria l
vittini, janie
weires, natalie a
moore, darlene n
pappalardo, nicole l
morgan, janis d
loren, judith n
sheppard, jessica a
haas, jennifer b
edwards, christine m
lazenby, angela d
hippler, christine l
bowen, bernice a
gaschler, cherryl
tucker, hallie l
mosinak, michelle a
aldridge, tina m
dyer, amanda s
pedersen, krista m
gibson, frances
fairall, elizabeth r
campbell, tabatha m
brown, donna l
carter, ashley d
mattern, dianna j
drew, kelly
moore, lottie j
wallen, susan m
chaney, tamra l
goff, angela g
peters, karen a
costello, coleen l
fogle, memphis l
johnson, miranda l
carleton, heather l
sanders, jessamyn l
woods, carleen v
faircloth, jaime n
herget, amanda l
dunn, barbara
lowe, nancy e
gonzalez, brittany d
humphrey, barbara s
last name, first name
clancy, cynthia m
heitger, heather m
phelps, yvonne d
balbuena, lorena
ross, tracy m
roberts, amber r
pacheco, kimberlee a
morris, mariala
hubbard, janelle m
rivera, joselyn
sampaio, selina
smith, emerald m
kennedy, barbara o
brooks, wendy k
hannah, shannon h
tomlinson, heather
sturm, ann
craft, heather l
vandongen, marianne
montenegro, rose m
frotten, celeste r
brenner, nicole
moore, wendy a
cone, chelsey r
brownlee, samantha
mullin, brooke n
pittman, christina a
squicciarini, nicole a
hunter, kristi l
rowton, jacqueline j
walker, gina m
pence, natalie l
collins, karalyn
looney, kjella r
derkovic, maya
theriault, tressia i
handal, monique m
martin, maranda j
antasek, rachel m
maldonado, guadalupe
straton, destiny
parker, vonda l
gormley, amber
watts, melanie m
latham, jennifer l
colangelo, shanna l
andrews, chasity m
grammer, linda n
nunez, erika m
lamb, kelly e
hagan, jasmine a
smith, michelle
bigio, keila n
crane, megan e
vancleef, felicia n
caksackker, patsy
balsulto, gladys
seroki, helen e
coulter, mary n
morrow, jennifer l
bossier, sheree d
price, susan a
kolodziej, suzanne
vanes, jill
silva, melanie
oakerson, tara l
williams, rebecca a
shaw, sherrie e
graves, karen s
medina, lizette i
ridings, rosie l
davis, crystal d
wainwright, codi j
simms, jaynanne
chiesa, christina m
burns, teshia m
lohr, hope
sinila, amy l
boatman, shannon n
brown, tina s
saraiva, emilia
copeland, iris l
ramos, carolyn
burton, margaret j
tapia, debra
austin, priscilla e
wilburn, michelle
denning, bonnie m
lee, jacqueline b
cowgill, alexandra m
griesman, cathy
dejesus, rosa m
stephens, tiffany e
douglas, deidra l
daniel, ashley
almodovar, marcela
dizdar, ashely d
conti, danette
ortiz, margaret c
paez, maria a
fox, cristina c
castaneda, diana m
rivera, jessica
bojan, jill r
cabrera, leta j
haase, jennifer l
richter, carrie l
adkins, kesha c
laberta, joyce m
williams, tracey l
brown, jessica
leacock, julia m
anderson, christal
teschner, tina m
wilson, rosalita d
gutierrez, paula a
aviles, jasmin
moore, tressy b
ahmad, michelle a
mcclamma, peggy
shinn, adel m
henry, jessie g
henson, aimee r
wise, mary p
bennett, debra l
mattson, belinda g
walker, melody l
brown, cydney b
falcon, patricia
murawski, tara l
herndon, shannon l
huebsch, ashley r
key, lisa a
backus, miranda m
williams, donna s
baker, amanda p
shirtcliffe, allison e
garcia, stephanie
norman, elizabeth a
cross, nancy e
deal, meredith a
altman, maureen g
currey, kathleen
devries, brianna j
pfeiffer, connie e
grieve, paula l
debets, sally d
murdorf, tabitha s
crum, tammy a
sellers, tiffany l
baker, raquel
oliveri, susan m
price, jami
gallagher, jennifer a
grogan, amanda l
padgett, shantell r
bennett, patsy c
beck, amanda j
rowland, angela m
scordato, cheryl a
taylor, falon s
cuervo, cynthia a
gatlin, mary a
perkins, brandi l
bonds, caroline j
licon, sara
sparkman, michelle l
albritton, lisa j
fulton, elizabeth a
crawford, cheryl f
white, tiffany l
salvo, danielle f
grant, michele d
schmeltzer, joy m
collins, krystal l
causey, rebecca l
ellison, sherell m
custer, rebecca a
peters, krisha m
jonas, nicole c
bianchi, maria t
griffis, lisa m
ribelin, jeanette
ribaudo, melissa
petersen, jennifer c
midgette, tracy
richards, ashley r
durance, cheri a
strickland, ellen e
hellard, tammy l
gibbs, dana
sarver-johnson, julie a
sunday, teresa d
lilland, lora s
mines, megan r
kohlman, terry j
dapo, erin s
gainey, ashley k
adkins, cheryl l
ronzino, angelica
stroupe, shelly j
hampton, april m
lattimore, alicia d
cole, sue a
lee, tonya s
russell, michelle l
smith, gina c
mansfield, karen h
bravo, sidney
huber, denise
calderon, vanessa
kuzirian, christina b
gonzalez, jennifer l
gatlin, julie a
rohles, denise a
carpenter, jessica l
heichman, stacy m
white, alisha
james, stacy m
helton, martha j
allegra, eryn
fette, cheryl r
nation, addie l
thompson, krista d
polk, holly j
kidd, ann f
cagle, wendy s
belsan, lauren n
baker, tiffany k
estes, lydia m
stoltz, amanda
cooper, linda
hughes, carrie a
sicilia, barbara l
white, casie l
hockenbery, havana l
fansler, holly g
thornton, jessica g
nieves, amanda
fahncke, carol w
lincoln, kelly k
gough, tammi c
griggy, jamie m
madsen, jessica y
adler, paula j
wilson, lisa d
lamas, elvine
stukes, brittany d
thomas, theresa a
cain, victoria l
waddell, ashley l
slovin, ronda s
miller, elaine m
faulkner, sarah p
bell, kellie
johnson, shanna g
bauer, crystal g
johnson, kimberley r
henderson, melissa m
weaver, sarah r
wester, laura l
buryn, tiffany r
kent, laura l
greco, sonia s
rodriguez, christina l
brewer, kristina a
brinson, teresa a
godwin, amanda k
turner, jessie d
hughbanks, opal l
gulas, laura
haley, laura a
king, wendy
hormiga, hormigueo 
greay, carsin
obuchowski, ghobo
hurlose, natas
cleavlend, ronnoc
dukelow, eliza